{
  "ie": {
    "6": 0,
    "7": 0.005126920331766831,
    "8": 0.0027754453809368273,
    "9": 0.019769509533080862,
    "10": 0.0032628603172116548,
    "11": 0.9201457435111023,
    "5.5": 0
  },
  "edge": {
    "12": 0.0030080752368861767,
    "13": 0.005953713023257809,
    "14": 0.10963613488092544,
    "15": 0.05831456466927718,
    "16": 0.2865496297469255,
    "17": 5.129310074832493,
    "18": 0.7048875975839446
  },
  "firefox": {
    "2": 0,
    "3": 0.0001268890123360088,
    "4": 0.000021148168722668132,
    "5": 0,
    "6": 0,
    "7": 0,
    "8": 0.000021148168722668132,
    "9": 0,
    "10": 0,
    "11": 0.00031822958649348237,
    "12": 0.0005508594424428318,
    "13": 0.000021148168722668132,
    "14": 0,
    "15": 0.000042296337445336264,
    "16": 0.000021148168722668132,
    "17": 0.000042296337445336264,
    "18": 0,
    "19": 0.000042296337445336264,
    "20": 0,
    "21": 0,
    "22": 0,
    "23": 0,
    "24": 0.00008459267489067253,
    "25": 0.000021148168722668132,
    "26": 0.0000634445061680044,
    "27": 0.0000634445061680044,
    "28": 0.0020976969261579867,
    "29": 0,
    "30": 0.00010574084361334066,
    "31": 0.00016918534978134506,
    "32": 0.0001268890123360088,
    "33": 0.0000634445061680044,
    "34": 0.0000634445061680044,
    "35": 0.0006566002860561725,
    "36": 0.00014803718105867693,
    "37": 0.0000634445061680044,
    "38": 0.004640512451145464,
    "39": 0.000889230142005522,
    "40": 0.0008056445227683098,
    "41": 0.00023262985594934947,
    "42": 0.0005085631049974956,
    "43": 0.00148238592189369,
    "44": 0.002605252975502022,
    "45": 0.0014189414157256856,
    "46": 0.0012286078972216724,
    "47": 0.00858112122313596,
    "48": 0.0672985081537973,
    "49": 0.002202430714117867,
    "50": 0.010254847719187122,
    "51": 0.0037281200291103536,
    "52": 0.11944687105693652,
    "53": 0.005298119792855097,
    "54": 0.0045337645518786635,
    "55": 0.0019698008581685174,
    "56": 0.009175284058677588,
    "57": 0.0055297425931509865,
    "58": 0.0023293197264538756,
    "59": 0.009131980665578791,
    "60": 0.10349007422785671,
    "61": 0.7646976398986104,
    "62": 0.8389256980038686,
    "63": 0.8254502863049151,
    "64": 0.9228164551040794,
    "65": 1.0934157110228828,
    "66": 0.09652024205025736,
    "67": 0.016061530617039715,
    "68": 0,
    "3.5": 0,
    "3.6": 0.0010171262099949912
  },
  "chrome": {
    "4": 0,
    "5": 0.000021148168722668132,
    "6": 0,
    "7": 0,
    "8": 0,
    "9": 0,
    "10": 0.00010574084361334066,
    "11": 0.00010574084361334066,
    "12": 0.00008459267489067253,
    "13": 0,
    "14": 0,
    "15": 0.00010574084361334066,
    "16": 0,
    "17": 0.000021148168722668132,
    "18": 0.001334348740835013,
    "19": 0.00023262985594934947,
    "20": 0.000042296337445336264,
    "21": 0.000042296337445336264,
    "22": 0.00016918534978134506,
    "23": 0.00016918534978134506,
    "24": 0.00019033351850401318,
    "25": 0.000042296337445336264,
    "26": 0.0000634445061680044,
    "27": 0.000021148168722668132,
    "28": 0,
    "29": 0.003009082292539637,
    "30": 0.00008459267489067253,
    "31": 0.0009093712550747297,
    "32": 0.00016918534978134506,
    "33": 0.0002114816872266813,
    "34": 0.0002537780246720176,
    "35": 0.0001268890123360088,
    "36": 0.0031571194735983137,
    "37": 0.0009103783107281901,
    "38": 0.0006566002860561725,
    "39": 0.00046525971189869894,
    "40": 0.0008469338045601856,
    "41": 0.0029224755063420437,
    "42": 0.0018006155083871722,
    "43": 0.0008680819732828539,
    "44": 0.0004018152057306945,
    "45": 0.00046525971189869894,
    "46": 0.0010805707161629953,
    "47": 0.01131326321097399,
    "48": 0.0031349642492221855,
    "49": 0.2868013936602906,
    "50": 0.0014813788662402297,
    "51": 0.006228639216652496,
    "52": 0.004576060889324,
    "53": 0.004935579757609358,
    "54": 0.0015035340906163581,
    "55": 0.022480503352196222,
    "56": 0.0975363612045989,
    "57": 0.16349951356190773,
    "58": 0.041529968093052906,
    "59": 0.1409525445365831,
    "60": 0.038986145512411974,
    "61": 0.017098797940103917,
    "62": 0.04582808162202184,
    "63": 0.07356642254093475,
    "64": 0.04843635576448424,
    "65": 0.23571144624893822,
    "66": 0.16686710766707924,
    "67": 3.808082262106415,
    "68": 9.23004673805711,
    "69": 10.094610058886774,
    "70": 11.698188079284847,
    "71": 15.362197938440259,
    "72": 10.702119403003712,
    "73": 1.3660810644755499,
    "74": 0.020890362475382274,
    "75": 0.00582581695526834,
    "76": 0
  },
  "safari": {
    "4": 0.000042296337445336264,
    "5": 0.0003605259239388186,
    "6": 0.00014803718105867693,
    "7": 0.0022668822759393317,
    "8": 0.04240006417764268,
    "9": 0.0162730123042664,
    "10": 0.11885371527704837,
    "11": 0.9049110055855536,
    "12": 9.937233443697906,
    "3.1": 0,
    "3.2": 0,
    "5.1": 0.001991956082544646,
    "6.1": 0.001865067070208637,
    "7.1": 0.0006777484547788406,
    "9.1": 0.1398518327073509,
    "10.1": 1.060740783290707,
    "11.1": 4.42580818582771,
    "12.1": 0.04818559890677261,
    "TP": 0
  },
  "opera": {
    "9": 0,
    "11": 0,
    "12": 0,
    "15": 0.000042296337445336264,
    "16": 0,
    "17": 0,
    "18": 0,
    "19": 0,
    "20": 0,
    "21": 0,
    "22": 0,
    "23": 0,
    "24": 0,
    "25": 0,
    "26": 0,
    "27": 0,
    "28": 0,
    "29": 0,
    "30": 0.0002114816872266813,
    "31": 0,
    "32": 0,
    "33": 0,
    "34": 0.0002114816872266813,
    "35": 0,
    "36": 0.0006999036791549691,
    "37": 0.0004451185988294912,
    "38": 0.00010574084361334066,
    "39": 0,
    "40": 0,
    "41": 0,
    "42": 0.000021148168722668132,
    "43": 0,
    "44": 0,
    "45": 0,
    "46": 0,
    "47": 0,
    "48": 0.0003393777552161505,
    "49": 0.00014803718105867693,
    "50": 0,
    "51": 0.00019033351850401318,
    "52": 0.00008459267489067253,
    "53": 0.0009526746481735263,
    "54": 0.034346640116919964,
    "55": 0.03994184132754588,
    "56": 0.12143681302817426,
    "57": 0.10666834187017767,
    "58": 0.06549487147844975,
    "9.5-9.6": 0,
    "10.0-10.1": 0,
    "10.5": 0,
    "10.6": 0,
    "11.1": 0.000021148168722668132,
    "11.5": 0,
    "11.6": 0.0000634445061680044,
    "12.1": 0.0001268890123360088
  },
  "ios_saf": {
    "8": 0.00023262985594934947,
    "3.2": 0,
    "4.0-4.1": 0,
    "4.2-4.3": 0.000021148168722668132,
    "5.0-5.1": 0.0014622448088244823,
    "6.0-6.1": 0.000634445061680044,
    "7.0-7.1": 0.004617350171115876,
    "8.1-8.4": 0.005805675842199132,
    "9.0-9.2": 0.009005091653242783,
    "9.3": 0.039094907522985695,
    "10.0-10.2": 0.03462055925466119,
    "10.3": 0.17765166665998652,
    "11.0-11.2": 0.18968396760753126,
    "11.3-11.4": 1.41242375153649,
    "12.0-12.1": 2.7459356291234776,
    "12.2": 0.007500550506972964
  },
  "op_mini": {
    "all": 0.01391549501951563
  },
  "android": {
    "3": 0,
    "4": 0.00048741493627482745,
    "67": 0.055752615086873965,
    "2.1": 0,
    "2.2": 0,
    "2.3": 0.0004018152057306945,
    "4.1": 0.0001268890123360088,
    "4.2-4.3": 0.0005085631049974956,
    "4.4": 0.0013353557964884736,
    "4.4.3-4.4.4": 0
  },
  "bb": {
    "7": 0,
    "10": 0.0013554969095576812
  },
  "op_mob": {
    "10": 0.0012487490102908803,
    "11": 0.0012487490102908803,
    "12": 0.0012487490102908803,
    "46": 0.0012487490102908803,
    "11.1": 0.0012487490102908803,
    "11.5": 0.0012487490102908803,
    "12.1": 0.0012487490102908803
  },
  "and_chr": {
    "71": 1.754140897035629
  },
  "and_ff": {
    "64": 0.018728213987402823
  },
  "ie_mob": {
    "10": 0,
    "11": 0
  },
  "and_uc": {
    "11.8": 0.024417071373800548
  },
  "samsung": {
    "4": 0,
    "5.0-5.4": 0,
    "6.2-6.4": 0,
    "7.2-7.4": 0,
    "8.2": 0
  },
  "and_qq": {
    "1.2": 0
  },
  "baidu": {
    "7.12": 0
  }
}